{
  "n_spheres": 0,
  "r_ext": 0.025,
  "r_int": 0.023,
  "height": 0.1,
  "packing_method": "hexagonal_3d",
  "validation": {
    "ok": true,
    "n_spheres": 80,
    "pair_violations": 0,
    "domain_violations": 0,
    "messages": []
  },
  "porosity_estimate": 0.9991230292518465,
  "generation": {
    "n_placed": 80,
    "n_target": 80,
    "elapsed_sec": 0.23927029999958904,
    "stopped_reason": "ok_truncado",
    "step_x": 0.0016,
    "step_y": 0.0013856406460551018,
    "step_z": 0.0013063945294843617,
    "candidates_before_trim": 50401
  },
  "generation_wall_time_sec": 0.2427677000005133,
  "gap_convention": "center_distance >= r1+r2+gap",
  "n_spheres_requested": 80,
  "n_spheres_placed": 80,
  "sphere_centers_preview": [
    [
      0.0,
      0.0,
      0.0026127890589687235
    ],
    [
      0.0,
      0.0,
      0.005225578117937447
    ],
    [
      0.0,
      0.0,
      0.00783836717690617
    ],
    [
      0.0,
      0.0,
      0.010451156235874894
    ],
    [
      0.0,
      0.0,
      0.013063945294843617
    ],
    [
      0.0,
      0.0,
      0.01567673435381234
    ],
    [
      0.0,
      0.0,
      0.018289523412781065
    ],
    [
      0.0,
      0.0,
      0.020902312471749788
    ],
    [
      0.0,
      0.0,
      0.02351510153071851
    ],
    [
      0.0,
      0.0,
      0.026127890589687234
    ],
    [
      0.0,
      0.0,
      0.028740679648655957
    ],
    [
      0.0,
      0.0,
      0.03135346870762468
    ]
  ],
  "sphere_centers_histogram": [
    [
      0.0,
      0.0,
      0.0026127890589687235
    ],
    [
      0.0,
      0.0,
      0.005225578117937447
    ],
    [
      0.0,
      0.0,
      0.00783836717690617
    ],
    [
      0.0,
      0.0,
      0.010451156235874894
    ],
    [
      0.0,
      0.0,
      0.013063945294843617
    ],
    [
      0.0,
      0.0,
      0.01567673435381234
    ],
    [
      0.0,
      0.0,
      0.018289523412781065
    ],
    [
      0.0,
      0.0,
      0.020902312471749788
    ],
    [
      0.0,
      0.0,
      0.02351510153071851
    ],
    [
      0.0,
      0.0,
      0.026127890589687234
    ],
    [
      0.0,
      0.0,
      0.028740679648655957
    ],
    [
      0.0,
      0.0,
      0.03135346870762468
    ],
    [
      0.0,
      0.0,
      0.033966257766593407
    ],
    [
      0.0,
      0.0,
      0.03657904682556213
    ],
    [
      0.0,
      0.0,
      0.03919183588453085
    ],
    [
      0.0,
      0.0,
      0.041804624943499576
    ],
    [
      0.0,
      0.0,
      0.0444174140024683
    ],
    [
      0.0,
      0.0,
      0.04703020306143702
    ],
    [
      0.0,
      0.0,
      0.049642992120405745
    ],
    [
      0.0,
      0.0,
      0.05225578117937447
    ],
    [
      0.0,
      0.0,
      0.05486857023834319
    ],
    [
      0.0,
      0.0,
      0.057481359297311914
    ],
    [
      0.0,
      0.0,
      0.06009414835628064
    ],
    [
      0.0,
      0.0,
      0.06270693741524937
    ],
    [
      0.0,
      0.0,
      0.06531972647421809
    ],
    [
      0.0,
      0.0,
      0.06793251553318681
    ],
    [
      0.0,
      0.0,
      0.07054530459215554
    ],
    [
      0.0,
      0.0,
      0.07315809365112426
    ],
    [
      0.0,
      0.0,
      0.07577088271009298
    ],
    [
      0.0,
      0.0,
      0.0783836717690617
    ],
    [
      0.0,
      0.0,
      0.08099646082803043
    ],
    [
      0.0,
      0.0,
      0.08360924988699915
    ],
    [
      0.0,
      0.0,
      0.08622203894596787
    ],
    [
      0.0,
      0.0,
      0.0888348280049366
    ],
    [
      0.0,
      0.0,
      0.09144761706390532
    ],
    [
      0.0,
      0.0,
      0.09406040612287404
    ],
    [
      0.0,
      0.0,
      0.09667319518184277
    ],
    [
      0.0,
      -0.0009237604307034011,
      0.003919183588453085
    ],
    [
      0.0,
      -0.0009237604307034011,
      0.0065319726474218085
    ],
    [
      0.0,
      -0.0009237604307034011,
      0.009144761706390532
    ],
    [
      0.0,
      -0.0009237604307034011,
      0.011757550765359255
    ],
    [
      0.0,
      -0.0009237604307034011,
      0.014370339824327978
    ],
    [
      0.0,
      -0.0009237604307034011,
      0.016983128883296703
    ],
    [
      0.0,
      -0.0009237604307034011,
      0.019595917942265426
    ],
    [
      0.0,
      -0.0009237604307034011,
      0.02220870700123415
    ],
    [
      0.0,
      -0.0009237604307034011,
      0.024821496060202872
    ],
    [
      0.0,
      -0.0009237604307034011,
      0.027434285119171595
    ],
    [
      0.0,
      -0.0009237604307034011,
      0.03004707417814032
    ],
    [
      0.0,
      -0.0009237604307034011,
      0.032659863237109045
    ],
    [
      0.0,
      -0.0009237604307034011,
      0.03527265229607777
    ],
    [
      0.0,
      -0.0009237604307034011,
      0.03788544135504649
    ],
    [
      0.0,
      -0.0009237604307034011,
      0.040498230414015214
    ],
    [
      0.0,
      -0.0009237604307034011,
      0.04311101947298394
    ],
    [
      0.0,
      -0.0009237604307034011,
      0.04572380853195266
    ],
    [
      0.0,
      -0.0009237604307034011,
      0.04833659759092138
    ],
    [
      0.0,
      -0.0009237604307034011,
      0.050949386649890106
    ],
    [
      0.0,
      -0.0009237604307034011,
      0.05356217570885883
    ],
    [
      0.0,
      -0.0009237604307034011,
      0.05617496476782755
    ],
    [
      0.0,
      -0.0009237604307034011,
      0.058787753826796275
    ],
    [
      0.0,
      -0.0009237604307034011,
      0.061400542885765
    ],
    [
      0.0,
      -0.0009237604307034011,
      0.06401333194473373
    ],
    [
      0.0,
      -0.0009237604307034011,
      0.06662612100370245
    ],
    [
      0.0,
      -0.0009237604307034011,
      0.06923891006267117
    ],
    [
      0.0,
      -0.0009237604307034011,
      0.0718516991216399
    ],
    [
      0.0,
      -0.0009237604307034011,
      0.07446448818060862
    ],
    [
      0.0,
      -0.0009237604307034011,
      0.07707727723957734
    ],
    [
      0.0,
      -0.0009237604307034011,
      0.07969006629854607
    ],
    [
      0.0,
      -0.0009237604307034011,
      0.08230285535751479
    ],
    [
      0.0,
      -0.0009237604307034011,
      0.08491564441648351
    ],
    [
      0.0,
      -0.0009237604307034011,
      0.08752843347545224
    ],
    [
      0.0,
      -0.0009237604307034011,
      0.09014122253442096
    ],
    [
      0.0,
      -0.0009237604307034011,
      0.09275401159338968
    ],
    [
      0.0,
      -0.0009237604307034011,
      0.0953668006523584
    ],
    [
      -0.0008,
      0.0004618802153517007,
      0.003919183588453085
    ],
    [
      0.0008,
      0.0004618802153517007,
      0.003919183588453085
    ],
    [
      -0.0008,
      0.0004618802153517007,
      0.0065319726474218085
    ],
    [
      0.0008,
      0.0004618802153517007,
      0.0065319726474218085
    ],
    [
      -0.0008,
      0.0004618802153517007,
      0.009144761706390532
    ],
    [
      0.0008,
      0.0004618802153517007,
      0.009144761706390532
    ],
    [
      -0.0008,
      0.0004618802153517007,
      0.011757550765359255
    ]
  ],
  "pair_violations": 0,
  "domain_violations": 0,
  "placement_attempts_total": null,
  "placement_rejections_approx": null,
  "slice": {
    "slice_enabled": true,
    "slice_thickness": 0.002,
    "slice_axis": "y",
    "slice_position": 0.0,
    "keep_only_intersecting_particles": true,
    "preserve_original_packing": true
  }
}