{
	"class_name" : "PinholeCameraParameters",
	"extrinsic" : 
	[
		-0.63080801433988098,
		-0.045897518849973507,
		0.77458031656374604,
		0.0,
		0.72998248953020251,
		-0.37354615350079845,
		0.57235376838459429,
		0.0,
		0.26307187995653281,
		0.92647541196092975,
		0.26914029242750204,
		0.0,
		-0.013153594591963235,
		-0.046323772690451598,
		0.097151754220720712,
		1.0
	],
	"intrinsic" : 
	{
		"height" : 768,
		"intrinsic_matrix" : 
		[
			665.1075101064489,
			0.0,
			0.0,
			0.0,
			665.1075101064489,
			0.0,
			511.5,
			383.5,
			1.0
		],
		"width" : 1024
	},
	"version_major" : 1,
	"version_minor" : 0
}