{
  "shell_components": [
    "annulus_shell",
    "bottom_cap",
    "top_cap"
  ],
  "boolean_operation_status": {
    "outer_shell": "explicit_annulus",
    "inner_core": "solid_with_holes",
    "particle_tools": "applied",
    "backend": "python_engine",
    "warnings": [],
    "r_int": 0.023,
    "r_ext": 0.025
  },
  "internal_cylinder_mode": "solid_internal_cylinder_with_particle_holes",
  "visibility": {
    "show_outer_cylinder": true,
    "show_internal_cylinder": true,
    "show_particles": true,
    "show_boolean_tools": false,
    "export_boolean_tools": false
  },
  "n_particles": 0,
  "particle_kind": "sphere",
  "r_ext": 0.025,
  "r_int": 0.023,
  "height": 0.1,
  "packing_method": "spherical_packing",
  "particle_type": "sphere",
  "n_particles_requested": 100,
  "n_particles_placed": 100,
  "n_spheres_requested": 100,
  "n_spheres_placed": 100,
  "porosity_estimate": 0.9650711513583441,
  "validation_ok": true,
  "collisions_checked": 164,
  "wall_violations": 0,
  "elapsed_sec": 0.0017567000031704083,
  "warnings": [],
  "metadata": {
    "generation": {
      "n_placed": 100,
      "n_target": 100,
      "attempts": 164,
      "elapsed_sec": 0.0017412999986845534,
      "acceptance_rate": 0.6097560975609756,
      "stopped_reason": "ok"
    },
    "validation": {
      "ok": true,
      "n_spheres": 100,
      "pair_violations": 0,
      "domain_violations": 0,
      "messages": []
    },
    "collision_radius_equiv": 0.0025,
    "collision_model": "circumscribed_sphere"
  },
  "validation": {
    "ok": true,
    "n_spheres": 100,
    "pair_violations": 0,
    "domain_violations": 0,
    "messages": []
  },
  "generation": {
    "n_placed": 100,
    "n_target": 100,
    "attempts": 164,
    "elapsed_sec": 0.0017412999986845534,
    "acceptance_rate": 0.6097560975609756,
    "stopped_reason": "ok"
  },
  "generation_wall_time_sec": 0.0017567000031704083,
  "gap_convention": "center_distance >= r1+r2+gap",
  "particle_centers_preview": [
    [
      0.005688613377081656,
      -0.01937956118691519,
      0.029347691426285145
    ],
    [
      -0.011293001883528032,
      0.009648025537891708,
      0.06622101294542325
    ],
    [
      0.0018336124086112404,
      -0.011406022620739576,
      0.05819458977980842
    ],
    [
      0.008084087315519656,
      -0.006517778926065932,
      0.018373018082721546
    ],
    [
      0.018654293346036674,
      -0.006666942559404828,
      0.012614068422297578
    ],
    [
      0.012530833549594715,
      0.009373056897107771,
      0.053325738795541526
    ],
    [
      0.019303123170358323,
      -0.0049557974098991785,
      0.054777329950882234
    ],
    [
      0.01343971030152219,
      0.004835605896461238,
      0.08320469344852935
    ],
    [
      0.0031559675264758898,
      0.00834653091756888,
      0.008306678419589791
    ],
    [
      -0.011101750353416888,
      -0.008592971085034028,
      0.011424903481589005
    ],
    [
      -0.010902131836469969,
      -0.016279141680083053,
      0.029617976765506454
    ],
    [
      0.005535925325987529,
      -0.005514847098020564,
      0.03808261278132982
    ]
  ],
  "geometry_mode": "pseudo_2d_thin_slice",
  "generation_backend": "python_engine",
  "slice": {
    "slice_enabled": true,
    "slice_axis": "y",
    "slice_thickness": 0.002,
    "slice_position": 0.0,
    "keep_only_intersecting_particles": true,
    "preserve_original_packing": true
  },
  "porosity_slice_plane": 0.9650711513583441,
  "porosity_result": 0.9650711513583441,
  "porosity_slice_meta": {
    "porosity_method": "slice_raster",
    "porosity_slice_plane": 0.9650711513583441,
    "n_particles_in_slice": 12,
    "raster_nx": 160,
    "raster_ny": 160,
    "solid_fraction": 0.03492884864165589,
    "slice_axis": "y"
  },
  "porosity_packing_3d": 0.9593995024003015,
  "packing_report_path": "C:\\Users\\joxto\\Downloads\\BEDFLOW-ATLAS-TCC-2\\leito_slice_2dOnPython_pure_packing_report.json"
}